"5' domain of 16S rRNA, E. coli ","TPP riboswitch, E. coli","tRNA(asp), yeast","M-Box riboswitch, B. subtilis ","P546 domain, bI3 group I intron","5' domain of 23S rRNA, E. coli","cyclic-di-GMP riboswitch, V. cholerae ","Telomerase pseudoknot, human","Pre-Q1 riboswitch, B. subtilis",SARS corona virus pseudoknot ,"Group I intron, Azoarcus sp.",Hepatitis C virus IRES domain,"Group I Intron, T. thermophila","Group II intron, O. iheyensis ","Lysine riboswitch, T. maritime","SAM I riboswitch, T. tengcongensis","Adenine riboswitch, V. vulnificus","5S rRNA, E. coli","Fluoride riboswitch, P. syringae","RNase P, B. subtilis ","Signal recognition particle RNA, human","tRNA(phe), E. coli",HIV-1 5' pseudoknot domain ,"5' domain of 16S rRNA, H. volcanii "
-999,-999,0.134,0.299,1.067,0.303,0.36,-0.036,0.19,6.426,0.892,0.684,0.38,0.537,0.117,-0.041,0.2,-0.017,1.118,-999,0.042,0.049,0.12,0.029
1.662,0.043,0.044,0.346,0.009,0.051,0.12,-0.026,0.175,-0.048,-999,0.42,0.174,0,0.117,0.016,0.075,0.083,0.764,-999,0,0,0.16,0.015
-999,0.021,0.057,0.412,0.13,0,0,-0.02,-0.016,3.32,-999,1.02,0.032,0.653,0.117,-0.014,0.125,0.033,0.822,-999,0,0,0.27,0.227
-999,0.021,0.114,0.314,0.205,0.279,0.028,0.068,0.048,0.262,-999,1.416,-0.206,0.581,0.273,-0.006,0.075,0.017,0.867,-999,0,0,0.68,0.037
1.55,0.032,0.094,0.117,0.738,0.306,0.157,-0.055,-0.206,1,-999,1.918,-0.602,0.465,0.117,0.057,0.05,0,0.08,-999,0,0,0.16,-0.004
0.411,0.032,0.09,0.243,0.856,0.45,0.074,-0.127,-0.048,1.359,-999,1.501,-0.412,0.552,0,0.039,0,-0.033,-0.114,-999,0,0,0.08,0.195
0.071,0.01,0.107,0.663,0.131,0.478,0.221,0.084,-0.254,0.456,-999,1.126,-0.016,0,0.156,0.156,0.025,0,-0.126,-999,0.077,0,0.07,0.092
0.014,0,0.131,1.111,0.372,0.333,0.101,0.228,-0.079,0.748,1.764,0.516,0.079,-0.203,0.039,0.733,0,0,-0.012,-999,0,0.02,0.05,0.037
0.056,0.01,0.186,0.604,0.795,0.135,0,1.005,-0.317,0.758,2.003,0.954,0.729,0.769,0.117,2.205,0.125,0,-0.012,-999,0,0,0.04,1.054
0.2,0.01,0.198,0.609,0.905,0.123,0.009,0.316,-0.048,0.436,2.346,0.857,1.964,0.363,0.039,1.884,0.45,0.033,0.034,-999,0.04,0.02,0.04,0.992
2.674,0.021,0.187,1.372,0.183,0.077,0.046,0.995,0,0.446,2.672,0.759,2.629,0.319,0,0.932,0.6,0.134,-0.023,-999,0,0,0.03,0.491
2.747,0.032,0.256,0.607,0.12,0.125,0.028,0.062,0.111,0.33,1.244,1.303,1.837,0.16,0.039,1.087,0.175,0.401,0.012,-999,0.016,0,0.07,0.196
0,0.043,0.225,0.485,0,1.261,0,-0.032,0.698,-2.456,-999,1.422,1.251,0.232,0.156,0.395,0.075,1.285,0.069,-999,0.067,0.01,0.01,0.021
0,0.053,0.221,0.523,0.067,0.584,0,-0.084,0.429,-2.301,0.397,0.742,1.124,0.421,0,0.194,0.025,1.335,0.103,-999,0.044,0.039,0.09,0.014
0,0.353,0.189,0.57,0,0.971,0,-0.104,0.333,0.272,0.416,0.258,1.679,0.813,0.273,-999,0.025,0.901,0.103,-999,0,0.02,0.34,0.023
0.303,0.064,0.387,1.046,0.513,1.406,0,-0.084,-0.016,0.224,0.323,0.072,0.839,0.363,0.078,-999,0.1,0.234,0.867,-999,0.089,0.205,2.87,0.023
0.012,0,0.513,1.918,1.461,1.819,0.028,-0.078,0,0.282,0.142,0.265,0.57,0.247,0.351,-999,0.15,0.067,0.571,-999,-999,0.302,0.08,0.009
0.131,0.107,0.665,1.431,2.426,1.404,0.018,0.338,-0.413,0.02,0.165,0.605,0.633,0.334,0.623,0.04,0.15,0,-0.091,-999,0.365,0.127,0.14,0.06
0,0.459,0.811,0.16,2.704,1.154,0,-0.049,-0.429,0.097,0.205,1.446,1.109,0.015,0.429,0.146,0.225,-0.017,-0.194,-999,0.178,1.052,0.03,0.319
0,0.876,0.672,0.03,3.713,1.359,0,-0.107,-0.254,0.156,0.203,0.6,1.267,0.305,0.234,0.535,0.4,-0.017,-0.148,-999,0.136,0.779,0.03,2.069
0.04,1.014,0.353,0.093,2.321,0.112,0,-0.117,-0.381,-0.214,0.098,0.094,1.79,0.508,0.273,0.202,0.2,0,-0.32,-999,0,0.068,1.28,1.38
0.265,0.843,0.292,0.182,0.901,0.126,0,-0.241,1,-0.388,0.119,0.004,1.172,0.015,0.156,0.002,0,0.017,-0.229,-999,0.159,0.01,1.37,0.905
1.537,1.228,0.27,0.126,0.075,0.07,0,0.175,5.206,-1.456,0.56,0.111,0.443,0.16,0.156,0.095,0,0.05,0.445,-999,0.094,0,3.63,1.442
1.017,0.181,0.281,0.273,0.042,0.12,0,0.081,0.222,0.912,1.96,0.18,0.222,0.015,0.117,0.294,1.55,0.401,1.483,-999,0.59,0,0.22,-999
1.16,0.075,0.176,0.242,0.053,0.109,0,-0.163,0.016,0.718,3.73,0.413,0.459,0.29,0,0.16,0.625,1.586,0.81,-999,0.497,-999,0.05,1.21
0,0.128,0.228,0.054,0.044,0.124,0.009,0.049,0.032,-0.31,1.154,0.695,0.301,0.058,0.039,0.136,0.1,0.768,1.061,-999,1.296,0.01,0.05,0.064
0.088,0.053,0.081,0.225,0.102,0.048,0.009,0.862,0.063,-0.378,0.3,1.93,0.095,0.305,0.078,0.119,0.075,0.1,0.798,-999,0.32,0,0,0.026
0.092,0.032,0.084,0.74,0.071,0.182,0.018,0.007,0.095,-0.476,0.009,1.18,0.222,0.334,0.078,0.162,0.1,0.033,0.65,-999,0.25,0.01,0,0.232
1.596,0.021,-999,2.454,0.229,0.365,0.009,0.059,0,-0.106,0.248,0.316,0.174,0.363,0,0.057,0.1,0.017,0.285,-999,0.059,0,0.24,1.185
0.398,0.032,1.051,8.617,0.43,1.33,0.009,1.769,0.048,0.088,0.129,0.189,0.412,0.45,0.039,0.076,0,0.284,0.034,-999,0,0,1.07,0.309
0.016,0.053,-999,2.644,0.519,1.664,0.018,0.049,-0.048,-0.708,0.107,0.171,0.729,0.319,0.039,0.466,0.025,0.234,0.023,-999,0,0.039,1.33,0.028
0.258,0.043,-999,1.512,0.228,0.046,0.018,-0.026,-0.048,-0.301,0.108,0.264,0.206,0.261,0.234,0.288,0.05,0.083,0.012,-999,0,0.175,0.63,0.032
1.49,0.043,1.83,0.137,0,0.003,0.028,-0.309,0.429,0,0.046,0.288,0.317,0.436,0.234,1.881,0.15,0.017,0.08,-999,0,0.964,0.14,0.574
2.333,0.064,1.568,0,0,0.04,0.009,0.465,1.54,-0.34,0.076,0.141,0.681,0.479,0.156,0.569,0.375,0.384,0.057,-999,0.37,1.607,1.69,1.411
0.455,1.313,1.163,0.028,0,0.065,0.009,0.322,,0.214,0.128,0.079,1.109,0.073,0.117,0.196,0.925,0.918,0.069,-999,1.496,1.383,0,0.913
0.168,0.363,1.163,0,0,0.045,0,0.358,,0.36,0.141,0.436,0.538,0.261,0.039,0.136,5.175,0.217,0.069,-999,3.362,1.081,0,0.986
0.034,1.548,0.376,0.081,0,0,-999,0.254,,0.156,0.061,0.14,0.143,0.218,0.117,0.16,0.5,0.868,0.057,-999,0.843,0.546,0.04,1.562
0.125,0.16,0.396,0.235,0,0.033,-999,0.059,,-0.088,0.051,0.189,0.079,0.682,0.702,0.031,0.375,1.319,0.114,-999,1.227,1.11,0.01,0.757
0.801,0.021,0.113,0.339,0,0.248,0,1.158,,-0.146,0.078,0.903,0.127,0.45,5.419,-0.015,0.325,0.985,0.08,-999,0.432,0.107,0.1,0.277
0.239,0,0.343,0.085,0.098,0.026,0,1.197,,-0.204,0.067,0.367,0.032,-0.015,4.717,0.022,0.15,1.385,0.08,-999,0.138,0.01,0.08,0.091
0.009,0.053,0.472,0,0.38,0,0.028,0.088,,-0.854,0.134,0.115,0.079,0.145,1.169,-0.027,0.075,1.035,0.08,-999,0.023,0.049,0.16,0.025
0.455,0.128,0.088,0.179,0.357,0.016,0.046,0.055,,1.088,0.204,0.016,0.222,0.726,0,0.039,0.1,0.417,0.034,-999,0.05,0.029,0,0.009
0,0.566,0.119,0.122,0.508,0.016,0.028,-0.537,,-0.038,0.435,0.151,0.443,1.249,0.156,0.199,0.05,0.184,0.354,-999,0.103,0.01,0,0.03
0.08,0.096,0.069,0.291,0.305,0,0.018,-0.241,,-2.291,0.283,0.12,0.222,0.247,0.078,0.202,0.125,0.684,1.951,-999,0.134,0.01,0,0.052
0.307,1.11,0.12,0.707,0.347,0,0.018,-0.032,,0.058,0.131,0.218,0.222,0.073,0,0.175,0.1,1.052,0.525,-999,0.006,0,0.04,0.743
0.26,0.651,0.174,1.67,0.336,0,0.018,0.075,,-0.428,0.134,0.235,0.633,-0.334,0.195,0.822,0.075,0.534,0.08,-999,0.329,0.01,0.06,-999
0.027,0.064,0.208,1.725,0.343,0.286,0.018,0.293,,-0.058,0.006,0.196,1.726,0.015,0,0.575,0.075,0.401,-0.012,0.496,1.574,0.078,0.04,1.926
0.05,0,0.098,1.023,0.324,0.497,0,,,-0.078,0,0.038,0.649,0.174,0.078,0.072,0.2,0.334,-0.012,0.267,0.767,0.01,0,1.506
0.113,0.043,0.08,0.505,0.111,0.498,0,,,-0.31,0,0.019,0.269,0.261,0.078,0.127,1.05,0.451,-0.137,0.893,0.79,0,0.14,1.409
0.105,0.064,0.084,0.083,0.001,0.577,0,,,-0.038,0.246,-0.016,0.158,0.973,0.351,0.304,3.775,0.634,-0.354,2.634,0.217,0,0.23,0.478
0.071,0.15,0.074,0,0,0.097,0,,,0.165,0.644,1.243,0.38,0.74,1.209,0.798,2.525,1.052,-0.137,1.234,0.128,0,0.61,0.02
0.037,0.267,0.079,0.039,0.277,0.022,0.037,,,-0.252,0.739,1.096,0.095,0.363,6.979,0.659,1.025,3.255,-0.046,0.453,0.354,0.02,0.05,-0.038
0.028,1.238,0.132,0.302,0.376,0.026,0.175,,,0.67,0.651,1.402,0.048,0.319,5.068,0.794,0.15,3.171,0.046,0.561,0.851,0,0.06,-0.007
0.057,0.086,1.04,0.36,0.905,0.001,0.157,,,0.602,0.37,0.628,0.269,-0.174,1.832,0.979,0.1,0.818,0.034,0.509,0.296,0.01,0.04,0.03
0.032,0.075,0.412,0.43,0,0,0.194,,,0.33,0.252,0.536,0.079,0.668,0.663,0.862,0.125,0.951,0.057,0.459,0.2,0.058,0.01,0.195
0,0.021,0.306,0.209,1.727,0,0.028,,,1.291,0.069,0.719,0.158,0.958,0.195,0.225,0.1,0.217,0.023,0.392,1.246,0.01,0.03,0.602
0.521,0.043,0.136,0.108,1.547,0.45,0,,,0.194,0,0.842,0.412,-0.203,0.273,0.035,0.1,0.818,0.046,0.326,0.302,0.01,0.42,0.898
1.224,0.075,0.306,0.14,1.103,0.068,0.083,,,0.418,0,0.324,0.285,-0.116,0.156,0,0.125,0.067,-0.012,0.311,0.236,0.01,0.01,0.911
2.481,0.053,0.253,0.066,0.54,0.038,0.636,,,0.088,0,0.117,0.111,1.524,0.429,0.128,0.125,0.851,-0.012,0.261,0.516,0.02,0.03,1.353
0.889,0.15,0.076,0.096,0.421,0.017,1.991,,,0.816,0.157,0.105,0.063,2.308,0,0.445,0.325,0.401,-0.114,0.342,0.356,0.029,0.1,0.8
0.062,0.139,0.081,0.026,0.417,0.004,1.834,,,-1.194,0.674,0.033,0.032,0.624,0.195,0.936,0.2,0.367,-0.034,0.415,0.244,0,0.32,1.003
0.091,0.128,0.048,0.321,0.308,0.015,2.065,,,0.31,0.708,0.025,0.158,-0.436,0.585,2.326,0.25,0.751,0.297,0.306,0,0,0.22,0.926
0.011,0.171,0.107,0.957,0.201,0.011,1.558,,,0.038,0.457,0.286,0.143,0.711,0.78,2.024,0,0.167,0.788,0.372,0.034,0.01,0.01,0.813
0.023,0.01,0.134,0.421,1.111,0,0.811,,,-0.893,0.171,0.15,-0.269,0.058,0.195,1.536,0.1,0.134,1.358,0.596,0.055,0.01,0.08,0.048
0.007,0.053,0.099,0.528,0.381,0,1.714,,,0.495,0.007,0.494,-0.19,0.45,0.389,3.092,0.05,1.018,1.244,1.568,0.227,0,0.19,0.036
0.053,0.064,0.127,0.095,0.152,0,0.405,,,-0.33,0.113,0.35,-0.127,-0.102,0.234,0.791,0.05,3.055,-999,2.411,0.262,0.01,0.26,0.099
0.431,0.064,0.06,0.086,0.117,0,0.065,,,0.796,0.005,0.198,-0.143,1.757,0.234,0.232,0.05,0.25,,0.852,0.188,0.01,0.13,0.245
0.102,0.043,0.143,0,0.25,0.009,0,,,0.048,0.288,0.151,-0.111,0.189,0.389,0.006,0.1,0.267,,0.393,0.207,0,0.02,0.629
0.015,0.064,0.111,0.159,0.426,0.07,0.018,,,0.699,0.105,0.07,0.095,0.799,0.234,0.04,0.125,2.571,,0,0.001,0,0,0.627
0,0.822,0.067,0.162,0.797,0.036,0.018,,,-0.146,0.385,0.24,0.063,0,0.273,0.049,0.1,0.2,,0.509,0,0,0.01,0.918
0.164,0.032,0.035,0.24,1.133,0,0,,,0.602,0.005,0.17,0.143,0.755,0.234,0.236,0.525,0.067,,0.272,0,0,0.01,0.378
0.071,0.021,0.909,0.371,0.584,0,0,,,-0.097,0.116,0.076,-0.016,1.583,0.389,0.202,,0.083,,0.258,0.046,0.088,0.01,0.268
0.13,0.032,0.224,0.225,0.452,0.027,0.028,,,0.33,0,0.136,0,1.626,0.078,0.413,,0.618,,0.556,0.069,0.536,0.24,0.412
0.427,0.075,0.529,0.115,0.844,0.052,0.028,,,0.146,0.515,0.175,0.903,1.002,0.234,0.755,,0.317,,1.026,0.957,0.273,0.6,1.035
0.665,0.053,1.475,0,0.98,0.106,0.028,,,-0.776,2.455,0.371,2.455,0.857,0.585,1.485,,0.134,,0.599,1.039,0.409,0.31,0.095
0.262,0.053,,0,1.343,0.317,0.018,,,0.893,-2049.231,0.599,1.6,1.103,-999,2.189,,0.1,,0.905,2.126,0.984,0.81,0.134
0.109,0.064,,0.184,1.524,0.352,0.028,,,-1.495,1.425,1.163,1.219,1.045,0.546,0.52,,0.05,,0.7,2.711,,0.81,0.263
0.029,0.096,,0.058,1.256,2.747,0.028,,,-1.369,0.894,0.64,0.443,1.495,0.857,-999,,0.25,,0.037,2.9,,0.99,0.071
0.174,0.075,,0.114,0.692,0.279,0.009,,,-1.204,1.116,0.403,0.744,0.479,0.74,-999,,0.184,,0.132,0.464,,0.09,-0.002
0.025,,,0.169,0.216,0.216,0.028,,,,0.478,0.273,0.364,0.668,1.286,-999,,0.083,,0.297,0.127,,0.06,-0.002
0.365,,,0.126,0.072,0.038,0.065,,,,0.099,0.201,0,1.074,0.585,0.141,,0.05,,0.347,0.02,,0.16,0.169
1.65,,,0.274,0.008,0,0.074,,,,0,0.283,0.238,0.102,0.117,0.76,,0,,0.628,0.005,,0.17,1.282
0.693,,,0.313,0.052,0,0.074,,,,0.163,0.357,-0.016,0.305,0,1.411,,0.1,,0.962,0.234,,0.23,1.883
0.89,,,0.638,0.025,0.023,0,,,,0.381,0.207,0.38,0.407,0.078,1.257,,0.284,,1.778,0.143,,0.04,0.84
1.647,,,1.383,0.047,0.277,0.009,,,,0.288,0.337,0.206,0.479,0.195,1.012,,2.621,,5.512,0.114,,0.07,0.22
1.216,,,1.186,0.037,1.707,0.083,,,,0.571,0.532,0.934,0.116,0.156,0.851,,0.417,,2.295,0.259,,0.31,0.561
0.119,,,0.655,0,0.16,0.857,,,,0,0.641,0.333,0.044,0.117,0.198,,0.401,,1.21,0.073,,0.25,0.488
0.006,,,0.498,0,0.465,0.249,,,,0.206,0.679,0,0.494,0.156,0.562,,2.554,,0.598,0.217,,0.2,0.213
0.319,,,0.696,0.257,0.026,-999,,,,0.141,0.778,-0.19,0.755,0.234,0.366,,0.401,,0.309,0.182,,0.06,0.01
0.683,,,0.083,1.639,0.021,-999,,,,0.051,0.492,-0.158,-0.029,0.312,0.011,,0.634,,0.024,0.114,,0.12,0.014
0.535,,,0,1.866,0.016,0.341,,,,0.711,0.336,0.222,0.087,0.039,0.141,,0.117,,0.17,0.421,,0.38,-0.003
1.138,,,0.095,1.082,0.005,0.747,,,,0.695,0.468,0.633,0.595,1.131,0.614,,0.05,,0.26,0.801,,0,-0.021
1.128,,,0.152,0.666,0.011,0.82,,,,0.191,0.82,1.172,0.232,0.974,0.41,,0.033,,0.563,0.139,,0.01,0.097
0.999,,,0.048,1.146,0.015,0.894,,,,0.123,0.846,-999,0.189,0.897,0,,0.1,,0.098,0.03,,0.04,0.041
1.374,,,0.416,0.91,0,0.996,,,,0.116,0.832,-999,-0.102,-999,0.427,,0.117,,0.273,0,,0.17,0.109
0,,,0,0.424,0,1.161,,,,0,0.745,-999,-0.407,-999,0.991,,0.083,,0.275,0.549,,0.74,0.532
0.07,,,0.02,0.136,0.021,0.949,,,,0,0.666,0.143,-0.392,-999,-999,,0.05,,0.165,0.412,,0.28,0.065
0.017,,,0.092,0.07,0.015,,,,,0.137,0.589,-0.158,-0.16,-999,3.561,,0.1,,0.162,0.976,,0.13,0.039
0,,,0.352,0.001,0,,,,,0.25,0.622,-999,0.334,-999,3.864,,0.517,,0.181,0.306,,0.09,0.036
0,,,2.063,0.092,0.004,,,,,0.384,0.153,-999,0.45,-999,1.197,,0.918,,0.495,0.014,,0.12,0.041
0,,,1.664,0.063,0,,,,,1.413,0.043,0.095,-0.232,-999,0.682,,0.417,,2.098,0.252,,0.19,0.547
0.12,,,7.793,0.05,0.013,,,,,1.028,0.23,0.048,0.247,0.312,0.491,,0.067,,1.337,0.182,,0.12,0.471
1.546,,,0.947,0.374,0.036,,,,,0.251,0.127,0.079,0.058,0.429,0.275,,0.134,,0.593,0.134,,0.01,0.626
1.295,,,0.094,0.683,0.038,,,,,0.032,0.02,0.38,0.755,-999,0.151,,0.267,,0.233,0.068,,0.08,0.214
0.532,,,0.163,1.804,0.029,,,,,0.08,0.051,0.143,0.915,1.326,0,,0.317,,0.331,0.362,,0.25,0.097
0.249,,,0.103,2.297,0.019,,,,,0.083,0.154,-0.333,0.74,0.234,-999,,0.134,,0.074,0.126,,0.6,-0.009
0.836,,,0.045,0.796,0,,,,,0.07,0.265,-0.602,1.176,-999,0.091,,1.936,,0.272,0.098,,0.12,0.009
0.726,,,0.235,0.43,0,,,,,0,0.177,-0.079,1.132,0.819,0.348,,2.554,,0.183,0.066,,0.1,-0.02
0.363,,,0.176,0.143,0.001,,,,,0,0.077,-0.016,1.176,0.74,0.288,,0.885,,0.172,0.463,,0.03,-0.002
0.091,,,-999,0,0.062,,,,,1.604,0.125,0.048,1.103,3.82,0.896,,0.317,,0.063,1.45,,0.08,0.064
0.718,,,0.345,0.049,1.439,,,,,-2049.231,0.127,-0.048,0.058,0.351,-999,,0.351,,0.087,0.335,,0.05,0.061
0.08,,,-999,0.406,0.03,,,,,2.072,0.133,-0.111,-0.015,0.623,0.032,,-0.017,,0.091,0.193,,0.2,0.076
0.068,,,17.008,0.207,0.03,,,,,2.492,0.083,-0.111,0.058,0.117,0.239,,0.033,,0.13,0.966,,0.06,0.642
0.074,,,9.592,0.467,0.014,,,,,2.914,0.09,-0.016,-0.015,0.195,0,,0.401,,0.237,0.048,,0.06,0.498
0.048,,,8.514,0.339,0.011,,,,,2.223,0.158,0.048,-0.015,0.234,-999,,0.033,,0.113,1.8,,0.17,0.737
0.045,,,8.218,0.494,0,,,,,0.728,0.144,-0.206,0.813,0.117,-999,,-0.083,,0.416,0.156,,0.5,0.05
0,,,-999,0.298,0,,,,,0.302,0.258,-0.19,0.421,0.078,-999,,0.083,,0.548,1.304,,0.17,0.101
0.058,,,-999,0.277,0,,,,,0.116,0.147,-0.19,0.073,0.117,-999,,0.234,,0.987,1.641,,0.28,0.042
0.215,,,0,0.162,0.001,,,,,0.006,0.063,-0.158,-0.16,0.195,,,0.885,,1.5,1.527,,0.55,0.041
0.106,,,0,0.26,0,,,,,0.283,-0.061,-0.063,0.087,0.117,,,-999,,2.455,1.403,,0.38,0.017
0.005,,,0.128,0.315,0.025,,,,,0.56,-0.041,-0.111,0.145,0.039,,,,,3.005,0.839,,0.59,0.037
0.131,,,0.381,0.27,0.119,,,,,0.564,-0.051,-0.127,0.203,0.195,,,,,3.877,0.69,,0.2,0.06
0.182,,,0.781,0.134,0.425,,,,,0.889,0.008,-0.032,-0.203,0,,,,,2.567,0.257,,0.51,0.214
0.225,,,-999,0,0.265,,,,,0.946,0.08,-0.158,-0.319,0.195,,,,,1.683,0.15,,0.46,0.386
0.29,,,-999,0,1.206,,,,,0.89,0.37,-0.222,-0.174,0.234,,,,,0.686,0.139,,0.02,0.441
0.14,,,0.551,0,1.543,,,,,0.653,0.447,0.206,-0.319,0.546,,,,,0.23,-999,,0.06,1.075
0.012,,,2.993,0.02,0.214,,,,,0.446,0.163,2.296,-0.305,0.234,,,,,0.051,0.246,,0.08,0.644
0.022,,,0.825,0.062,0.001,,,,,0.164,0.199,0.475,-0.145,9.045,,,,,0.185,-999,,0.06,0.028
0.055,,,0.074,0.018,0.015,,,,,0.438,0.142,0.079,-0.189,1.248,,,,,0.671,-999,,0.1,0.013
0,,,0.365,0.013,0,,,,,0.866,0.045,0.364,-0.305,0.897,,,,,2.21,1.353,,0.12,0.017
0.024,,,0.115,0.025,0.008,,,,,1.342,0.081,0,-0.189,1.014,,,,,0.873,4.267,,0.43,0.098
0.05,,,0.752,0,0.001,,,,,0.761,0.215,-0.048,-0.218,1.169,,,,,0.321,1.765,,0.89,0.298
0.114,,,0.897,0.036,0.134,,,,,1.796,0.727,0.048,-0.145,0.936,,,,,0.292,2.637,,0.5,0.559
0.944,,,0.348,0.027,0.043,,,,,-999,4.971,0.095,0.116,0.506,,,,,0.418,0.824,,0.03,0.317
0.501,,,0.105,0,0.012,,,,,0.517,1.855,1.663,0.116,0.156,,,,,0.274,0.244,,0.09,0.11
1.05,,,0.035,0,0.024,,,,,0.146,0.64,0.554,0.073,1.131,,,,,0.17,0.138,,0.19,0
0.142,,,0.18,0.187,0.02,,,,,0.263,0.137,-0.063,0.595,0.351,,,,,0.125,0,,0.1,0
0.02,,,0.057,0.475,0.017,,,,,0.319,0.033,-0.127,0.189,0.468,,,,,0.233,0.623,,0.1,-0.053
0.019,,,0.688,1.328,0.021,,,,,0.393,0.136,0.016,0.319,0.663,,,,,0.098,0.417,,0.06,-0.003
0.032,,,0.407,0.801,0,,,,,0.48,0.222,-0.063,-0.116,1.091,,,,,0.071,0.26,,0.22,0.098
0.004,,,0,0.169,0,,,,,0.384,0.248,-0.048,-0.232,1.482,,,,,0.257,0.105,,0.12,0.009
0.024,,,0,0.119,0,,,,,0.342,0.28,-0.174,-0.189,0.74,,,,,0.639,0.233,,0.01,0.148
0.246,,,0.138,0.213,0.255,,,,,0.126,0.156,-0.063,0.073,0.936,,,,,0.316,0.078,,0,0.81
0.298,,,0.604,0.717,0.302,,,,,0.011,0.095,-0.095,-0.073,0.234,,,,,0.057,0.116,,0,1.18
0.185,,,0,1.874,0.535,,,,,0.223,0.002,0.016,-0.276,0.234,,,,,0.014,0.331,,0.12,0.172
0.157,,,0,1.512,0.897,,,,,0.106,0.688,0.048,-0.479,0,,,,,0.003,0.795,,0.06,0.132
1.274,,,1.193,0.571,1.443,,,,,0.086,0.676,-0.127,-0.436,0.234,,,,,0.037,1.75,,0.14,1.486
0.31,,,0.786,0,0.843,,,,,0,0.258,-0.158,-0.319,0.506,,,,,0.127,4.514,,0.06,2.734
0.01,,,-999,0.002,0.483,,,,,0.137,0.136,-0.253,-0.058,1.131,,,,,0.132,3.718,,0.04,2.387
0.233,,,-999,0.039,0.779,,,,,0.141,0.064,-0.095,-0.16,3.977,,,,,0.36,3.397,,0.04,1.953
5.047,,,-999,0.122,0.76,,,,,0,0.048,-0.095,0.566,4.756,,,,,0.179,0.726,,0.2,1.058
0,,,-999,0,0.774,,,,,0,0.094,0.079,0.363,4.483,,,,,0.234,0.166,,0.12,1.088
0.117,,,-999,0,0.154,,,,,0.12,0.265,0,0.552,2.183,,,,,0.287,0.173,,0.29,0.16
0.15,,,-999,0.363,0.011,,,,,0.12,0.203,-0.158,0.131,0.117,,,,,0.822,0,,0.34,0.263
0.295,,,,0.581,0.002,,,,,0,0.103,-0.253,0.348,0.039,,,,,2.172,0,,0.63,0.67
0.108,,,,,0.013,,,,,0.335,0.112,-0.016,-0.232,0,,,,,2.458,0.056,,0.57,0.048
0.47,,,,,0,,,,,0.386,0.048,-0.032,-0.102,0.078,,,,,1.078,0.542,,0.5,0.017
0.031,,,,,0.012,,,,,3.85,0.137,-0.222,-0.247,0.195,,,,,0.364,-999,,0.05,0.008
0.024,,,,,0,,,,,7.471,0.134,-0.222,0.015,0.506,,,,,0.206,-999,,0.05,0.01
0.013,,,,,0,,,,,3.876,0.1,-0.095,0.058,0.078,,,,,0.217,0.258,,0.03,0.069
0.245,,,,,0.034,,,,,2.287,0.308,0,0.015,0.702,,,,,0.259,0.044,,0.38,0.029
1.134,,,,,0.013,,,,,0.478,0.301,-0.143,-0.189,1.248,,,,,0.034,-999,,0.37,0.012
0.782,,,,,0.035,,,,,0.022,0.315,-0.016,-0.45,0.897,,,,,0,0.028,,0.19,0.209
1.13,,,,,0.133,,,,,0.035,0.374,-0.063,-0.363,0.585,,,,,0,0.251,,0.44,0.203
0.029,,,,,1.017,,,,,0.079,0.752,-0.206,-0.087,0.468,,,,,0.105,0.084,,0.28,0.33
0.078,,,,,0.52,,,,,0.276,1.593,-0.095,-0.015,0.078,,,,,0.05,0.009,,0.19,0.008
0.034,,,,,0.382,,,,,0,1.931,0.174,0.058,1.131,,,,,0.049,0,,0.14,0.458
0.267,,,,,0.165,,,,,0.039,0.867,0.253,0.058,0.663,,,,,0.209,0,,0.7,0.602
0.133,,,,,0.048,,,,,0,0.949,0.032,-0.073,0.078,,,,,0.218,0,,1.2,0.206
0.121,,,,,0.024,,,,,0.158,0.819,-0.063,-0.145,-999,,,,,0.349,0.006,,0.64,0.028
0.101,,,,,0.011,,,,,0.39,0.013,0.095,0.058,-999,,,,,0.167,0.223,,0.17,0.453
0.285,,,,,0,,,,,0.602,-0.074,0.158,-0.102,-999,,,,,0,0.739,,0.03,0.701
0.133,,,,,0.015,,,,,0.455,0.669,0.95,-0.174,0.819,,,,,0,0.504,,0.01,2.051
0.077,,,,,0.036,,,,,0.559,1.267,0.333,0,1.794,,,,,0.172,0.457,,0.01,1.788
0.052,,,,,0.372,,,,,0.226,1.524,0.19,-0.073,,,,,,0.513,0.544,,0.07,0.164
0.034,,,,,0.169,,,,,1.341,0.907,0.095,-0.029,,,,,,0.228,0.529,,0.05,0.033
0.365,,,,,0.375,,,,,0.637,0.431,0.269,-0.479,,,,,,0.177,0.463,,0.14,0.104
1.365,,,,,0.434,,,,,0.729,0.212,0.143,-0.073,,,,,,0.089,0.322,,0.26,0.009
1.589,,,,,0.789,,,,,0.24,0.291,-0.079,0.363,,,,,,0,0.015,,0.2,0.002
0.037,,,,,1.539,,,,,0.218,0.303,-0.079,0.174,,,,,,0.012,0,,0.78,0.004
0.093,,,,,3.539,,,,,0,0.413,-0.19,0.624,,,,,,0,0.154,,0.65,0.012
0.396,,,,,2.106,,,,,0.412,0.23,0.681,0.799,,,,,,0,0.466,,0.29,-0.005
0.037,,,,,2.537,,,,,1.423,0.354,3.785,1.437,,,,,,0.147,0.966,,0.04,0.011
1.307,,,,,2.425,,,,,1.067,0.548,0.792,1.103,,,,,,0.244,1.335,,0,0.047
0.908,,,,,1.644,,,,,0.847,1.815,0.253,0.392,,,,,,0.466,0.299,,0,0.206
0.123,,,,,0.614,,,,,0.669,3.56,-0.158,0.813,,,,,,0.428,0.062,,0.01,0.268
0.051,,,,,0.874,,,,,1.092,2.727,-0.111,0.566,,,,,,0.168,0.25,,0.09,0.458
0,,,,,0.794,,,,,0.095,1.158,0,0.218,,,,,,0.141,0.025,,0.05,0.363
0.019,,,,,0.385,,,,,0,0.414,0.095,-0.174,,,,,,0.112,0,,0.01,0.09
0.054,,,,,0.144,,,,,0.043,0.133,-0.048,-0.044,,,,,,0.203,0,,0.02,-0.022
0.015,,,,,0.176,,,,,0.099,0.09,0.158,0.015,,,,,,0.379,-999,,0.02,-0.002
0.136,,,,,0.117,,,,,0.115,0.006,0.317,0.261,,,,,,0.175,0.593,,0.09,0.149
0.144,,,,,0,,,,,0.168,0.104,0.048,0.116,,,,,,0.309,0.09,,0.14,0.436
0.053,,,,,0,,,,,0.498,0.492,-0.016,-0.116,,,,,,1.616,0.047,,0.08,0.27
0.012,,,,,0,,,,,0.416,0.52,0.063,-0.29,,,,,,0.365,0.12,,0,1.083
0.013,,,,,0,,,,,0.698,0.41,0.016,-0.407,,,,,,0.172,-999,,0,0.281
0.031,,,,,0.248,,,,,0.285,0.187,0.063,0.116,,,,,,0,0.044,,0.01,-0.004
0.021,,,,,0.691,,,,,0.097,0.138,0.158,0.247,,,,,,0,0.316,,0.01,-0.003
0,,,,,0.58,,,,,-0.145,0.432,0.174,0.276,,,,,,0,1.318,,0.11,0.027
0.097,,,,,0.936,,,,,0.42,0.502,0.063,0.189,,,,,,0,1.252,,1.01,0.058
0.164,,,,,0.997,,,,,0.059,0.155,0.111,-0.044,,,,,,0.067,0.841,,0.6,0.104
0.505,,,,,0.864,,,,,0.847,0.073,0.396,-0.348,,,,,,0,0.327,,0.41,0.357
0.559,,,,,0.961,,,,,0.425,0.384,1.52,-0.102,,,,,,0.195,1.267,,0.63,1.061
0.408,,,,,1.043,,,,,1.19,1.899,2.692,-0.044,,,,,,0.364,1.435,,0.86,0.038
0.357,,,,,1.522,,,,,0.579,1.481,0.586,0.276,,,,,,0.11,1.612,,0.85,0.108
0.395,,,,,1.236,,,,,0.416,0.94,0.301,0.973,,,,,,0.162,0.133,,0.84,-999
0.029,,,,,1.09,,,,,0.211,0.435,0.143,1.96,,,,,,0.133,-999,,0.17,1.385
0.007,,,,,1.519,,,,,0.984,0.52,-0.032,1.22,,,,,,0.02,-999,,0.63,1.275
0.004,,,,,0.937,,,,,1.349,0.429,-0.032,0.276,,,,,,0.037,-999,,0.76,0.5
0.057,,,,,1.231,,,,,1.229,0.105,0.19,0.131,,,,,,0.072,-999,,0.79,0.017
0.107,,,,,1.148,,,,,0.984,0.871,0.602,0.015,,,,,,0,-999,,0.67,-0.019
0.3,,,,,2.41,,,,,-999,0.045,0.523,0.015,,,,,,0,-999,,0.61,-0.006
0.825,,,,,2.614,,,,,-999,0.001,0.206,-0.029,,,,,,0,1.553,,0.58,0.032
0.155,,,,,0.98,,,,,-999,2.18,0.032,-0.058,,,,,,0.101,2.134,,0.89,0.034
0.079,,,,,1.582,,,,,,0.752,0.744,0.073,,,,,,0.161,1.347,,0.81,0.028
0.096,,,,,1.69,,,,,,0.178,0.222,0.131,,,,,,0.171,0.84,,1.14,0.021
0.123,,,,,1.681,,,,,,0.1,0.079,0.247,,,,,,0.205,0.349,,0.17,0.193
0.246,,,,,0.655,,,,,,0.154,-0.285,0.058,,,,,,0.361,0.023,,0.09,0.377
1.221,,,,,0.901,,,,,,0.065,0.333,0.029,,,,,,0.488,0,,0.05,0.012
1.368,,,,,0.028,,,,,,0.121,0.317,-0.058,,,,,,0.243,0,,0.3,0.747
0,,,,,0.008,,,,,,-0.099,0.158,0.015,,,,,,0.246,-999,,0.25,1.327
0.007,,,,,0.008,,,,,,0.321,-0.934,0.726,,,,,,0.09,0.274,,0.41,1.334
0.138,,,,,0.013,,,,,,0.844,0.19,1.161,,,,,,0.347,0.144,,0.25,0.025
1.277,,,,,0.178,,,,,,0.401,0.348,0.305,,,,,,0.686,0.035,,0.45,-0.006
0.344,,,,,0.184,,,,,,0.262,0.19,0.377,,,,,,0.335,0.026,,0.57,0.01
0.209,,,,,0.31,,,,,,0.339,-0.048,0.189,,,,,,0.167,0.295,,0.64,0.01
0.049,,,,,0.342,,,,,,0.349,-0.095,0.494,,,,,,0.186,1.587,,0.4,-0.009
0.024,,,,,0.412,,,,,,0.223,-0.095,0.087,,,,,,0.012,2.527,,0.14,-0.018
0.031,,,,,0.386,,,,,,0.381,-0.048,0.218,,,,,,0.307,1.608,,0.01,-0.02
0.028,,,,,0.29,,,,,,0.217,0.238,-0.116,,,,,,1.006,-999,,0.14,0.021
0.016,,,,,0.17,,,,,,0.014,0.38,0.029,,,,,,0.389,0.364,,0.16,0.126
0.073,,,,,0.126,,,,,,0.088,0.174,-0.319,,,,,,0.226,0.359,,0.14,0.141
0.021,,,,,1.078,,,,,,0.416,0,0,,,,,,0.164,0.145,,0.09,0.093
0.15,,,,,2.297,,,,,,0.653,0.095,0.044,,,,,,0,0.689,,0.33,0.149
0.207,,,,,2.924,,,,,,2.152,-0.079,0.261,,,,,,0.008,1.571,,0.54,1.288
0.442,,,,,2.819,,,,,,2.154,0.095,1.161,,,,,,0.04,0.638,,0.05,1.62
0.359,,,,,3.178,,,,,,2.035,0.048,0.639,,,,,,0,0.024,,0.17,0.953
0.107,,,,,0.153,,,,,,1.704,0.079,0.581,,,,,,0.09,0,,0.22,0.254
0.142,,,,,0.078,,,,,,3.593,0.333,0.465,,,,,,0.02,0,,1.23,0.086
0.323,,,,,0.127,,,,,,1.251,1.441,0.392,,,,,,0,0.173,,5.26,-0.02
0.004,,,,,0.387,,,,,,0.377,4.434,0.407,,,,,,0,0.632,,1.9,-0.007
0.019,,,,,0.176,,,,,,0.082,1.394,0.16,,,,,,0,-999,,0.86,-0.014
0.002,,,,,0.244,,,,,,0.168,0.665,0.16,,,,,,0,0.799,,0.05,0.01
0.017,,,,,0.198,,,,,,0.071,0.538,0.319,,,,,,0.09,0.869,,0.05,0.598
0.007,,,,,0.192,,,,,,0.574,0.111,0.929,,,,,,0.228,0.092,,0.03,1.473
0,,,,,0.949,,,,,,0.305,0,0.436,,,,,,0.405,0,,0.1,1.062
0.03,,,,,0.992,,,,,,0.386,-0.016,0.421,,,,,,0.456,0,,0.39,1.183
0.387,,,,,0.673,,,,,,0.168,-0.032,0.319,,,,,,0,0.219,,0,1.318
0.019,,,,,1.103,,,,,,0.06,0.016,0.261,,,,,,0,0.022,,0.1,0.288
0.041,,,,,1.296,,,,,,0.131,0.063,0.436,,,,,,0.561,0.689,,0.03,0.241
0.014,,,,,0.873,,,,,,0.59,0.032,0.131,,,,,,0.454,1.954,,0,0.541
0.356,,,,,0.313,,,,,,1.126,0.364,0.276,,,,,,2.025,3.589,,0.01,0
0.842,,,,,0.174,,,,,,1.58,0.317,0.145,,,,,,4.25,0.872,,0.09,0.685
1.121,,,,,0.516,,,,,,0.57,0.222,0.421,,,,,,1.876,0.135,,0.16,0.8
0.688,,,,,1.533,,,,,,0.153,0.174,0.319,,,,,,1.039,0.544,,0.89,1.23
0.181,,,,,1.174,,,,,,-0.123,0.079,0.145,,,,,,2.965,0.301,,1.26,0.11
0.008,,,,,0.014,,,,,,-0.025,0.016,0.174,,,,,,3.553,0,,0.06,0.007
0.003,,,,,0.057,,,,,,0.068,0.143,0.363,,,,,,1.665,-999,,0.01,0.456
0,,,,,0,,,,,,0.251,0.143,0.886,,,,,,2.486,0.226,,0.04,0.648
0.123,,,,,0.058,,,,,,0.172,-999,0.682,,,,,,3.165,0.275,,0.09,1.041
1.36,,,,,1.333,,,,,,0.477,0.285,0.218,,,,,,2.642,0.334,,0.09,1.725
0.784,,,,,2.959,,,,,,0.36,0.364,-0.131,,,,,,0.475,0,,0.07,1.401
0.145,,,,,3.089,,,,,,0.126,0.412,-0.131,,,,,,0,-999,,0.07,0.498
0.002,,,,,1.965,,,,,,0.027,0.253,0.131,,,,,,0,0.243,,0,0
0.033,,,,,1.014,,,,,,0.801,0,0.377,,,,,,0.053,0.182,,0.1,0.041
0.034,,,,,0.853,,,,,,1.117,0.048,0.436,,,,,,0.142,0.104,,0,0.044
0.025,,,,,0.107,,,,,,0.921,1.584,1.118,,,,,,0.153,0.392,,0.12,0.857
0.007,,,,,0.159,,,,,,0.663,0.412,1.684,,,,,,0.023,-999,,0.06,0.683
0.039,,,,,0.088,,,,,,0.491,0.19,1.132,,,,,,0,-999,,0.09,0.118
0.766,,,,,0.18,,,,,,0.05,-0.032,0.537,,,,,,0,0.625,,0.16,0.484
0.877,,,,,-999,,,,,,-0.052,0.048,0.203,,,,,,0,0.146,,1.2,0.426
1.258,,,,,0.038,,,,,,0.006,0.633,0.145,,,,,,0,0.091,,1.19,0.299
2.081,,,,,0.096,,,,,,0.04,0.934,0.276,,,,,,0.112,0.322,,1.54,0.061
1.588,,,,,0.178,,,,,,0.081,0.95,0.581,,,,,,0.13,0.48,,0.04,-0.044
2.187,,,,,-999,,,,,,0.16,0.855,0.639,,,,,,0.668,0.63,,0.09,-0.011
1.382,,,,,0.062,,,,,,0.346,0.301,1.249,,,,,,0.52,0.26,,0.07,0.207
0.734,,,,,0.075,,,,,,1.238,0.063,0.973,,,,,,0,-999,,0.13,0.034
1.057,,,,,0.187,,,,,,0.343,0,0.987,,,,,,0,0.543,,0.31,-0.006
0.034,,,,,0.727,,,,,,0.204,0.222,0.523,,,,,,0.023,0.062,,0.32,-0.018
0.036,,,,,1.334,,,,,,0.258,-999,0.813,,,,,,0.232,0,,0.4,0.348
0.009,,,,,0.232,,,,,,0.057,-999,0.334,,,,,,1.006,0.338,,0.08,0.503
0.016,,,,,0.068,,,,,,0.128,0.222,0.436,,,,,,4.468,0.64,,0.12,0.932
0.05,,,,,0.115,,,,,,0.152,0.602,0.711,,,,,,1.341,0.447,,0.18,0.702
0.037,,,,,0.112,,,,,,0.102,0.19,0.929,,,,,,0.504,0.167,,0.08,1.067
0.098,,,,,0,,,,,,0.112,-0.079,0.74,,,,,,0.286,0.777,,0.68,0.779
0.299,,,,,0.104,,,,,,0.102,-0.697,0.769,,,,,,0.001,0.022,,0.55,0.812
0.681,,,,,0.049,,,,,,0.242,-0.143,1.916,,,,,,0.029,0.172,,0.23,0.431
0.025,,,,,0.18,,,,,,0.367,-0.032,1.132,,,,,,0.038,0.591,,0.28,0.001
0.604,,,,,0.184,,,,,,0.314,0.032,1.103,,,,,,0.006,0.676,,0.09,0.012
0.117,,,,,0.167,,,,,,0.417,0.649,1.597,,,,,,0.163,0.066,,0.22,0.006
0.223,,,,,0.09,,,,,,-0.036,1.457,1.713,,,,,,0.032,1.663,,0.73,0.042
0.401,,,,,0,,,,,,-0.006,5.052,1.945,,,,,,0,0,,1.04,0.026
0.695,,,,,0.225,,,,,,0.148,3.643,2.308,,,,,,0,-999,,0.5,0.021
0.943,,,,,0.165,,,,,,0.915,2.993,0.261,,,,,,0.002,0.242,,0.23,0.194
0.908,,,,,0.631,,,,,,0.643,2.486,0.029,,,,,,0,0.348,,0.37,0.99
0.225,,,,,0.114,,,,,,0.204,1.077,0.073,,,,,,0,0.153,,0.36,0.843
0.487,,,,,0.086,,,,,,0.384,0.19,0.494,,,,,,0,-999,,0.29,0.046
0.842,,,,,0.204,,,,,,0.028,0.143,1.002,,,,,,0.051,1.626,,0.29,0.118
1.495,,,,,0.077,,,,,,0.536,0.079,0.828,,,,,,0.131,0.995,,0.06,0.52
1.559,,,,,0.124,,,,,,0.609,-0.016,-0.073,,,,,,0.272,0.812,,0.48,0.443
1.054,,,,,0.058,,,,,,1.813,0,-0.102,,,,,,0.109,0.956,,0.74,-0.04
0.628,,,,,1.443,,,,,,2.003,0.079,0.131,,,,,,0.523,,,0.6,0.313
1.366,,,,,0.138,,,,,,1.321,0.602,0.029,,,,,,1.298,,,0.46,0.06
1.065,,,,,0.092,,,,,,-0.008,0.887,-0.218,,,,,,3.986,,,0.61,0.657
0.886,,,,,0.069,,,,,,-0.108,1.615,0.073,,,,,,7.358,,,0.4,0.141
0.317,,,,,0.139,,,,,,0.166,2.771,0.044,,,,,,4.513,,,0.41,0.383
0.126,,,,,0.268,,,,,,0.126,1.758,0.058,,,,,,5.066,,,0.28,0.175
0.062,,,,,0.21,,,,,,-0.001,1.093,0.203,,,,,,2.507,,,0.41,0.845
0.117,,,,,0.281,,,,,,0.282,0.206,0.218,,,,,,0.715,,,0.51,0.956
0.475,,,,,0.183,,,,,,1.324,0.982,1.147,,,,,,0.279,,,0.78,0.161
1.549,,,,,0.053,,,,,,0.481,0.57,0.697,,,,,,0.133,,,0.29,-0.048
0.572,,,,,0.09,,,,,,0.654,0.459,0.015,,,,,,0.154,,,0.14,0.052
0,,,,,0.097,,,,,,1.522,0.301,0.073,,,,,,0.302,,,0.16,0.058
0.046,,,,,0.716,,,,,,0.189,0.048,-0.044,,,,,,0.4,,,0.19,0.039
0.086,,,,,2.141,,,,,,2.149,0.048,-0.015,,,,,,0.309,,,0.05,0.043
0.294,,,,,0.135,,,,,,2.43,0.839,0.116,,,,,,1.029,,,0.25,0.137
-999,,,,,0.111,,,,,,0.071,1.235,0.276,,,,,,2.779,,,0.94,0.449
0.258,,,,,0.086,,,,,,0.035,1.805,0.319,,,,,,13.743,,,0.62,1.278
0.902,,,,,0.174,,,,,,0.026,0.364,0.624,,,,,,3.779,,,1.04,0.794
0.562,,,,,0.136,,,,,,0.772,0.269,1.35,,,,,,0.764,,,0.1,0.758
0.141,,,,,0.1,,,,,,0.592,-0.143,0.261,,,,,,0.326,,,0.14,0.75
0.183,,,,,0.139,,,,,,1.882,-999,0.218,,,,,,0.095,,,0.12,0.466
0.127,,,,,0.101,,,,,,0.301,-999,0.363,,,,,,0.381,,,0.13,0.037
0.32,,,,,0.088,,,,,,-0.206,-0.919,1.089,,,,,,0.144,,,0.14,0.027
0.709,,,,,0.084,,,,,,0.228,0.079,2.178,,,,,,0.151,,,0.46,0.078
0.955,,,,,0.054,,,,,,-0.392,0.095,2.512,,,,,,0.156,,,0.85,0.355
0.722,,,,,0.045,,,,,,1.3,1.045,2.207,,,,,,0.255,,,0.49,1.619
0.327,,,,,0.017,,,,,,0.934,1.916,0.958,,,,,,0.316,,,0.73,0.35
0.174,,,,,0.227,,,,,,0.778,1.219,0.799,,,,,,0.464,,,0.26,1.028
0.308,,,,,0.738,,,,,,0.268,1.029,0.581,,,,,,0.024,,,0.32,0.811
0.248,,,,,0.673,,,,,,0.375,0.158,0.218,,,,,,0.011,,,0.8,1.076
0.135,,,,,0.617,,,,,,1.027,-0.174,0.61,,,,,,0.422,,,0.64,0.435
0.185,,,,,0.245,,,,,,1.723,0.475,0.987,,,,,,1.07,,,0.39,0.027
0.328,,,,,0.122,,,,,,0.08,0.206,0.595,,,,,,0.865,,,0.31,-0.022
0.792,,,,,0.241,,,,,,0.863,0.523,0.145,,,,,,0.1,,,0.46,0.017
1.051,,,,,0.023,,,,,,0.215,0.317,0.073,,,,,,0.037,,,0.28,0.109
1.539,,,,,0.052,,,,,,,0.412,-0.087,,,,,,0,,,0.26,0.129
1.55,,,,,0.066,,,,,,,0.238,-0.044,,,,,,0.047,,,0.05,0.528
1.223,,,,,0.076,,,,,,,0.095,0.276,,,,,,0.444,,,0.03,0.707
1.636,,,,,0.071,,,,,,,0.048,0.363,,,,,,1.11,,,0.05,0.789
1.394,,,,,0.088,,,,,,,0,1.031,,,,,,0.201,,,0.13,0.029
0.671,,,,,0.096,,,,,,,0.127,0.857,,,,,,0.032,,,0.04,0.01
0.166,,,,,0.058,,,,,,,0.364,-0.581,,,,,,0.543,,,0.55,0.007
0.14,,,,,0.043,,,,,,,0.269,0.058,,,,,,0.164,,,0.57,0.197
0.557,,,,,0.397,,,,,,,0.839,0.058,,,,,,0.433,,,0.49,0.729
0.76,,,,,1.299,,,,,,,0.412,-0.015,,,,,,1.619,,,0.68,0.962
2.101,,,,,0.471,,,,,,,0.206,0.581,,,,,,0.467,,,0.23,0.521
1.666,,,,,0.373,,,,,,,-0.111,1.452,,,,,,0.294,,,0.03,0.161
1.525,,,,,0.403,,,,,,,-0.143,1.945,,,,,,0.02,,,0.19,0.064
0.436,,,,,0.048,,,,,,,-0.032,0.726,,,,,,0,,,0.14,0.128
0.056,,,,,0.011,,,,,,,1.156,0.029,,,,,,0,,,0.19,0.512
0.026,,,,,0.068,,,,,,,0.887,0.044,,,,,,0.671,,,0.26,0.097
0.025,,,,,0.541,,,,,,,0.665,0.348,,,,,,1.179,,,0.44,-0.043
0.21,,,,,0.95,,,,,,,0.38,1.481,,,,,,4.616,,,0.12,-0.012
1.346,,,,,2.565,,,,,,,0.729,1.916,,,,,,1.674,,,0.65,-0.001
1.332,,,,,1.079,,,,,,,0.808,0.537,,,,,,1.28,,,0.2,0.013
1.783,,,,,0.649,,,,,,,-0.095,-0.073,,,,,,3.389,,,0.35,0.035
0.083,,,,,0.048,,,,,,,-0.095,0,,,,,,0.935,,,0.47,0.04
0.026,,,,,0.112,,,,,,,-0.079,0.29,,,,,,0.121,,,0.44,0.014
0.012,,,,,0.129,,,,,,,0.111,0.523,,,,,,0.124,,,0.17,0.368
0.664,,,,,0.078,,,,,,,0.364,0.987,,,,,,0.108,,,0.09,1.462
1.237,,,,,0.054,,,,,,,0.824,0.334,,,,,,0.138,,,0.06,1.826
1.61,,,,,0.028,,,,,,,0.57,-0.232,,,,,,0.201,,,0.01,1.26
0.605,,,,,0.147,,,,,,,0.348,0.261,,,,,,0.299,,,0.12,0.071
0.038,,,,,0.06,,,,,,,0.174,0.261,,,,,,0.345,,,0,-0.022
0.158,,,,,0.088,,,,,,,-0.174,0.232,,,,,,0.193,,,0.14,0.036
1.304,,,,,0.066,,,,,,,-0.095,0.015,,,,,,0.242,,,0.49,-0.024
0.189,,,,,0.088,,,,,,,-0.475,0.087,,,,,,2.246,,,0.34,0.003
0.039,,,,,0.191,,,,,,,0.38,0.784,,,,,,0.661,,,0.43,0.067
0.232,,,,,0.55,,,,,,,0.665,3.209,,,,,,0.18,,,0.42,0.063
0.953,,,,,0.831,,,,,,,-0.412,2.425,,,,,,0.496,,,0.08,0.125
0.228,,,,,1.553,,,,,,,-999,2.279,,,,,,0.754,,,0.44,0.667
0.04,,,,,1.592,,,,,,,-999,0.015,,,,,,0.836,,,0.81,0.648
0.03,,,,,1.13,,,,,,,-999,-0.058,,,,,,4.887,,,0.61,1.589
0.006,,,,,0.675,,,,,,,0.38,0.334,,,,,,0.633,,,0.95,1.504
0.066,,,,,0.649,,,,,,,0.016,2.381,,,,,,0.274,,,0.32,1.199
0.551,,,,,0.336,,,,,,,0.158,1.278,,,,,,0.322,,,0.81,0.049
2.117,,,,,0.066,,,,,,,0.111,1.045,,,,,,0.101,,,0.33,-0.013
1.848,,,,,0.076,,,,,,,0.079,0.247,,,,,,0.099,,,0.53,0.017
0.328,,,,,0.035,,,,,,,0.808,0.073,,,,,,0,,,0.32,0.047
0.175,,,,,0.042,,,,,,,0.238,-0.029,,,,,,0.306,,,0.37,0.069
0.175,,,,,0.075,,,,,,,0.016,-0.058,,,,,,0.421,,,0.44,0.091
0.22,,,,,0.032,,,,,,,-0.095,-0.058,,,,,,0.074,,,0.17,0.037
0.251,,,,,0.047,,,,,,,0.158,-0.16,,,,,,0.958,,,0.85,0.292
0.428,,,,,0.147,,,,,,,0.143,-0.116,,,,,,3.343,,,0.48,0.709
1.479,,,,,0.123,,,,,,,0.174,0.247,,,,,,0.136,,,0.57,0.198
0.365,,,,,0.304,,,,,,,0.127,0.755,,,,,,0.048,,,0.7,0.14
0.186,,,,,0.537,,,,,,,0.301,3.281,,,,,,0.02,,,0.48,0.199
0.068,,,,,1.311,,,,,,,3.579,1.757,,,,,,0.039,,,0.5,0.027
0.092,,,,,1.216,,,,,,,2.17,2.105,,,,,,0,,,0.35,0.013
0.065,,,,,0.206,,,,,,,1.916,1.249,,,,,,0,,,0.41,0.038
0.024,,,,,0.148,,,,,,,0.143,0.828,,,,,,0,,,0.19,0.02
0.052,,,,,0,,,,,,,-0.016,1.495,,,,,,0.109,,,0.31,0.016
0.177,,,,,0,,,,,,,0.016,0.131,,,,,,0.265,,,0.62,0.037
0.593,,,,,0.059,,,,,,,-0.127,0.189,,,,,,0.913,,,0.63,0.08
0.775,,,,,0.006,,,,,,,0.032,0.348,,,,,,0.491,,,0.51,2.715
0.309,,,,,0.581,,,,,,,0.222,-0.087,,,,,,0.771,,,0.22,1.604
0.15,,,,,2.705,,,,,,,0.269,0.377,,,,,,0.858,,,0.18,1.793
0.171,,,,,3.252,,,,,,,0.317,0.886,,,,,,2.04,,,0.06,1.19
0.18,,,,,3.156,,,,,,,0.032,1.278,,,,,,0.131,,,0.15,0.513
0.228,,,,,1.307,,,,,,,0.095,1.263,,,,,,2.092,,,0.27,0.092
0.115,,,,,0.707,,,,,,,-0.111,0.334,,,,,,,,,0.04,-0.002
0.186,,,,,0.017,,,,,,,0.143,0.044,,,,,,,,,0,0.014
0.321,,,,,0.108,,,,,,,-0.016,0.29,,,,,,,,,0.07,0.007
0.235,,,,,0.051,,,,,,,0.032,1.292,,,,,,,,,0.14,0.001
0.236,,,,,0.061,,,,,,,0.111,1.742,,,,,,,,,0.05,0.03
0.196,,,,,0.114,,,,,,,0.412,0.247,,,,,,,,,0.18,0.02
0.165,,,,,0.321,,,,,,,1.093,-0.218,,,,,,,,,0.61,0.072
0.124,,,,,0.384,,,,,,,0.839,0.769,,,,,,,,,0.57,0.166
0.419,,,,,0.136,,,,,,,1.045,2.454,,,,,,,,,0.68,0.278
1.647,,,,,0.047,,,,,,,1.679,1.887,,,,,,,,,0.91,1.553
0.832,,,,,0.116,,,,,,,2.376,1.931,,,,,,,,,0.74,5.141
0.413,,,,,0.408,,,,,,,1.932,,,,,,,,,,0.9,1.55
0.483,,,,,0.661,,,,,,,2.059,,,,,,,,,,0.78,1.412
0.515,,,,,0.485,,,,,,,0.206,,,,,,,,,,0.5,0.335
0.014,,,,,0.528,,,,,,,2.154,,,,,,,,,,0.19,0.269
0.013,,,,,0.596,,,,,,,1.299,,,,,,,,,,0.7,0.116
0.011,,,,,0.186,,,,,,,2.914,,,,,,,,,,0.86,0.101
0.006,,,,,0.194,,,,,,,2.17,,,,,,,,,,0.04,0.161
0.028,,,,,0.119,,,,,,,3.247,,,,,,,,,,0.75,0.454
0.059,,,,,0.195,,,,,,,3.262,,,,,,,,,,0.05,0.948
0.648,,,,,0.085,,,,,,,1.425,,,,,,,,,,0.9,0.813
0.332,,,,,0.06,,,,,,,1.584,,,,,,,,,,0.59,1.073
0.317,,,,,0.036,,,,,,,1.695,,,,,,,,,,0.4,0.935
0.294,,,,,0.051,,,,,,,3.088,,,,,,,,,,0,1.147
0.47,,,,,0.053,,,,,,,,,,,,,,,,,0.41,0.984
0.512,,,,,0.052,,,,,,,,,,,,,,,,,0.43,0.81
0.565,,,,,0.115,,,,,,,,,,,,,,,,,0.49,0.075
0.024,,,,,0.503,,,,,,,,,,,,,,,,,0.62,0.017
0.019,,,,,0.12,,,,,,,,,,,,,,,,,0.54,0.064
0.017,,,,,0.226,,,,,,,,,,,,,,,,,0,0.151
0.052,,,,,0.529,,,,,,,,,,,,,,,,,0.89,0.11
0.051,,,,,1.275,,,,,,,,,,,,,,,,,0.06,0.344
0.043,,,,,1.31,,,,,,,,,,,,,,,,,1.29,0.463
0.023,,,,,0.904,,,,,,,,,,,,,,,,,0,1.054
0.07,,,,,1.163,,,,,,,,,,,,,,,,,0.64,1.157
0.432,,,,,0.98,,,,,,,,,,,,,,,,,0.44,0.651
0.802,,,,,0.971,,,,,,,,,,,,,,,,,0.21,0.232
0.801,,,,,0.64,,,,,,,,,,,,,,,,,0.7,0.379
0.64,,,,,0.277,,,,,,,,,,,,,,,,,0.35,0.859
1.013,,,,,0.163,,,,,,,,,,,,,,,,,0.33,0.227
0.378,,,,,0.31,,,,,,,,,,,,,,,,,0.15,-0.025
0.303,,,,,0.333,,,,,,,,,,,,,,,,,0.03,0.735
0.008,,,,,0.172,,,,,,,,,,,,,,,,,0.02,0.388
0.018,,,,,0.268,,,,,,,,,,,,,,,,,0.31,-0.014
0.04,,,,,0.242,,,,,,,,,,,,,,,,,0.24,0.118
0.033,,,,,0.087,,,,,,,,,,,,,,,,,0.24,0.445
0.025,,,,,0.215,,,,,,,,,,,,,,,,,0.01,1.096
0.008,,,,,0.363,,,,,,,,,,,,,,,,,0.53,1.142
0.015,,,,,0.66,,,,,,,,,,,,,,,,,0.4,1.076
0.027,,,,,0.512,,,,,,,,,,,,,,,,,0.61,0.296
0.678,,,,,0.589,,,,,,,,,,,,,,,,,0.14,0.078
0.865,,,,,0.153,,,,,,,,,,,,,,,,,0.57,0.142
0.419,,,,,0.051,,,,,,,,,,,,,,,,,0.15,0.339
0.497,,,,,0.057,,,,,,,,,,,,,,,,,0.04,0.28
0.464,,,,,0.281,,,,,,,,,,,,,,,,,0.17,0.079
0.041,,,,,0.304,,,,,,,,,,,,,,,,,0.97,0.22
0.2,,,,,0.333,,,,,,,,,,,,,,,,,0.61,0.06
1.208,,,,,0.138,,,,,,,,,,,,,,,,,0.89,0.068
0.478,,,,,0.157,,,,,,,,,,,,,,,,,0.71,0.488
0.43,,,,,0.316,,,,,,,,,,,,,,,,,0.28,0.997
0,,,,,0.576,,,,,,,,,,,,,,,,,0.65,1.243
0.004,,,,,0.647,,,,,,,,,,,,,,,,,0.77,0.425
0,,,,,1.001,,,,,,,,,,,,,,,,,0.25,0.092
0,,,,,1.194,,,,,,,,,,,,,,,,,0.41,0.069
0.022,,,,,0.738,,,,,,,,,,,,,,,,,0.18,0.024
0.555,,,,,0.976,,,,,,,,,,,,,,,,,0.7,-0.035
0.723,,,,,0.539,,,,,,,,,,,,,,,,,0.01,0.023
0.522,,,,,0.322,,,,,,,,,,,,,,,,,0.58,0.021
1.02,,,,,0,,,,,,,,,,,,,,,,,0.33,0.052
1.717,,,,,0.057,,,,,,,,,,,,,,,,,0.32,0.052
1.368,,,,,0,,,,,,,,,,,,,,,,,0.56,0
1.303,,,,,0.116,,,,,,,,,,,,,,,,,0.56,1.413
0.039,,,,,0.518,,,,,,,,,,,,,,,,,0.56,1.818
0.014,,,,,1.076,,,,,,,,,,,,,,,,,0.22,
0.09,,,,,0.985,,,,,,,,,,,,,,,,,0.08,
0.039,,,,,0.88,,,,,,,,,,,,,,,,,0.12,
0.191,,,,,0.943,,,,,,,,,,,,,,,,,0.16,
1.697,,,,,0.133,,,,,,,,,,,,,,,,,0.09,
2.168,,,,,0.032,,,,,,,,,,,,,,,,,0,
1.365,,,,,0.064,,,,,,,,,,,,,,,,,0.59,
1.626,,,,,0.098,,,,,,,,,,,,,,,,,1.31,
0.651,,,,,0.415,,,,,,,,,,,,,,,,,0.06,
0.401,,,,,0.724,,,,,,,,,,,,,,,,,0.27,
0.009,,,,,1.382,,,,,,,,,,,,,,,,,1.07,
0.055,,,,,1.663,,,,,,,,,,,,,,,,,1.25,
0.004,,,,,0.928,,,,,,,,,,,,,,,,,1.36,
0.028,,,,,0.725,,,,,,,,,,,,,,,,,0.6,
0.043,,,,,1.291,,,,,,,,,,,,,,,,,0.97,
0.013,,,,,2.061,,,,,,,,,,,,,,,,,0.64,
0.097,,,,,0.934,,,,,,,,,,,,,,,,,0.88,
0.052,,,,,0.944,,,,,,,,,,,,,,,,,0.01,
0.212,,,,,0.971,,,,,,,,,,,,,,,,,0.65,
1.441,,,,,0.651,,,,,,,,,,,,,,,,,0.32,
0.13,,,,,0.362,,,,,,,,,,,,,,,,,0.09,
0.243,,,,,0.062,,,,,,,,,,,,,,,,,0.92,
0.592,,,,,0.371,,,,,,,,,,,,,,,,,0.54,
1.187,,,,,0.068,,,,,,,,,,,,,,,,,0.76,
0.376,,,,,0.141,,,,,,,,,,,,,,,,,1.2,
0.666,,,,,0.14,,,,,,,,,,,,,,,,,0.31,
0.866,,,,,0.033,,,,,,,,,,,,,,,,,,
0.08,,,,,0,,,,,,,,,,,,,,,,,,
0.017,,,,,0.032,,,,,,,,,,,,,,,,,,
0.336,,,,,0.084,,,,,,,,,,,,,,,,,,
0.559,,,,,0.062,,,,,,,,,,,,,,,,,,
1.553,,,,,0.055,,,,,,,,,,,,,,,,,,
2.761,,,,,0.054,,,,,,,,,,,,,,,,,,
2.372,,,,,0.049,,,,,,,,,,,,,,,,,,
0.192,,,,,0.022,,,,,,,,,,,,,,,,,,
0.058,,,,,0.107,,,,,,,,,,,,,,,,,,
0.067,,,,,0.413,,,,,,,,,,,,,,,,,,
0.072,,,,,,,,,,,,,,,,,,,,,,,
0.124,,,,,,,,,,,,,,,,,,,,,,,
0.418,,,,,,,,,,,,,,,,,,,,,,,
0,,,,,,,,,,,,,,,,,,,,,,,
0.081,,,,,,,,,,,,,,,,,,,,,,,
0.031,,,,,,,,,,,,,,,,,,,,,,,
0.075,,,,,,,,,,,,,,,,,,,,,,,
0.408,,,,,,,,,,,,,,,,,,,,,,,
0.98,,,,,,,,,,,,,,,,,,,,,,,
0.332,,,,,,,,,,,,,,,,,,,,,,,
0.091,,,,,,,,,,,,,,,,,,,,,,,
0.025,,,,,,,,,,,,,,,,,,,,,,,
0.057,,,,,,,,,,,,,,,,,,,,,,,
0.12,,,,,,,,,,,,,,,,,,,,,,,
0.247,,,,,,,,,,,,,,,,,,,,,,,
0.193,,,,,,,,,,,,,,,,,,,,,,,
0.163,,,,,,,,,,,,,,,,,,,,,,,
0.103,,,,,,,,,,,,,,,,,,,,,,,
0.109,,,,,,,,,,,,,,,,,,,,,,,
